{"options":{"check_for_updates":true,"comment":null,"compat_foreach":false,"compat_metadata":false,"compat_powerful_this":null,"compat_wrappedjsobject":false,"compatopts_for_requires":true,"noframes":null,"override":{"merge_connects":true,"merge_excludes":true,"merge_includes":true,"merge_matches":true,"orig_connects":[],"orig_excludes":[],"orig_includes":[],"orig_matches":["*://client.pragmaticplaylive.net/desktop/baccarat/*"],"orig_noframes":null,"orig_run_at":"document-start","orig_run_in":[],"orig_tags":[],"use_blockers":[],"use_connects":[],"use_excludes":[],"use_includes":[],"use_matches":[]},"run_at":null,"run_in":null,"sandbox":null,"tags":[],"unwrap":null,"user_modified":1764960722339},"settings":{"enabled":true,"position":5},"meta":{"name":"balance+result","uuid":"063d5be9-e643-4c20-8c6a-ebfc113b71db","modified":1764960722339}}