{"options":{"check_for_updates":true,"comment":null,"compat_foreach":false,"compat_metadata":false,"compat_powerful_this":null,"compat_wrappedjsobject":false,"compatopts_for_requires":true,"noframes":null,"override":{"merge_connects":true,"merge_excludes":true,"merge_includes":true,"merge_matches":true,"orig_connects":[],"orig_excludes":[],"orig_includes":[],"orig_matches":["https://chat.openai.com/*","https://*.chatgpt.com/*","https://*.oaifree.com/*"],"orig_noframes":null,"orig_run_at":"document-idle","orig_run_in":[],"orig_tags":[],"use_blockers":[],"use_connects":[],"use_excludes":[],"use_includes":[],"use_matches":[]},"run_at":null,"run_in":null,"sandbox":null,"tags":[],"unwrap":null,"user_modified":1755437567118},"settings":{"enabled":true,"position":3},"meta":{"name":"ctrl-a-select","uuid":"fb34b3bd-5696-449e-89f7-5fa3932b83d8","modified":1755437567118,"file_url":"https://update.greasyfork.org/scripts/464200/ChatGPT%20Ctrl%2BEnter%20Send%20and%20Enter%20New%20Line.user.js"}}