{"options":{"check_for_updates":true,"user_modified":1765781731466,"comment":null,"compatopts_for_requires":true,"compat_wrappedjsobject":false,"compat_metadata":false,"compat_foreach":false,"compat_powerful_this":null,"sandbox":null,"noframes":null,"unwrap":null,"run_at":null,"run_in":null,"tags":[],"override":{"merge_connects":true,"merge_excludes":true,"merge_includes":true,"merge_matches":true,"orig_connects":[],"orig_excludes":[],"orig_includes":[],"orig_matches":["https://chatgpt.com/*","https://new.oaifree.com/*","https://*.new.oaifree.com/*","https://shared.oaifree.com/*","https://chat.rawchat.top/*","https://chat.sharedchat.cn/*","https://gpt.github.cn.com/*","https://free.xyhelper.cn/*","https://chatgpt.dairoot.cn/*"],"orig_noframes":null,"orig_run_at":"document-end","orig_run_in":[],"orig_tags":[],"use_blockers":[],"use_connects":[],"use_excludes":[],"use_includes":[],"use_matches":[]}},"settings":{"enabled":true,"position":2},"meta":{"name":"helper","uuid":"dcfc864e-4034-4ed5-a3ea-673d98072867","modified":1765781731466,"file_url":"https://update.greasyfork.org/scripts/517144/ChatGPT%20Helper.user.js"}}